[
    {
        "imagem":"https://i.pinimg.com/564x/e9/55/cb/e955cbac0e74e6dc20dc27e37b7b226a.jpg", 
        "preco-inicial":"50",
        "desconto":"38",
        "titulo":"Titulo x"
    },
    {
        "imagem":"https://i.pinimg.com/564x/3d/27/0c/3d270c41c1fc7c6c238e5dceb6ebe1c3.jpg", 
        "preco-inicial":"45",
        "desconto":"32",
        "titulo":"Titulo b"
    },
    {
        "imagem":"https://i.pinimg.com/564x/56/e6/b2/56e6b2bf9e8ba3f79cb95718960f650a.jpg", 
        "preco-inicial":"60",
        "desconto":"22",
        "titulo":"Titulo y"
    },
    {
        "imagem":"https://i.pinimg.com/564x/89/32/a4/8932a45b9660dd828bf53096c2776132.jpg", 
        "preco-inicial":"42",
        "desconto":"26",
        "titulo":"Titulo s"
    },
    {
        "imagem":"https://i.pinimg.com/564x/78/72/e1/7872e1a2bf5377510968615f82c56cef.jpg", 
        "preco-inicial":"52",
        "desconto":"36",
        "titulo":"Titulo f"
    }
]